time [s],NN_interval [s/256](/api/datatype/318/)
132.4296875,126
132.93359375,129
133.4453125,131
133.9609375,132
134.47265625,131
134.984375,131
135.5,132
136.015625,132
136.55078125,137
137.05859375,130
137.546875,125
176.2734375,132
176.79296875,133
177.2890625,127
177.8046875,132
178.2890625,124
178.78125,126
179.2734375,126
179.76953125,127
180.26953125,128
180.7734375,129
181.28515625,131
181.7734375,125
182.27734375,129
182.7890625,131
183.296875,130
183.80078125,129
184.2890625,125
184.79296875,129
185.27734375,124
185.78515625,130
186.29296875,130
186.81640625,134
187.32421875,130
187.83203125,130
188.33984375,130
188.859375,133
189.375,132
189.89453125,133
190.41796875,134
190.93359375,132
191.46484375,136
192.0078125,139
192.5546875,140
193.109375,142
193.66015625,141
194.1875,135
194.7265625,138
195.26953125,139
195.80859375,138
196.3515625,139
196.890625,138
197.41796875,135
197.9453125,135
198.4765625,136
199.01171875,137
199.5546875,139
200.1015625,140
200.66015625,143
201.22265625,144
201.765625,139
202.3046875,138
202.8515625,140
203.39453125,139
203.9375,139
204.48828125,141
205.01953125,136
205.5546875,137
206.08984375,137
206.60546875,132
207.13671875,136
207.68359375,140
208.25,145
208.83984375,151
209.453125,157
210.078125,160
210.6796875,154
211.26953125,151
211.84375,147
212.41015625,145
212.9765625,145
213.52734375,141
214.08203125,142
214.62890625,140
215.18359375,142
215.734375,141
216.296875,144
216.8515625,142
217.40625,142
217.97265625,145
218.546875,147
219.1171875,146
219.66796875,141
220.23046875,144
220.796875,145
221.3515625,142
221.90234375,141
222.46484375,144
223.01953125,142
223.5703125,141
224.12890625,143
224.6875,143
225.24609375,143
225.80859375,144
226.3671875,143
226.921875,142
227.46875,140
228.03125,144
228.609375,148
229.2109375,154
229.82421875,157
230.43359375,156
231.03125,153
231.6171875,150
232.21484375,153
232.8125,153
233.39453125,149
233.96875,147
234.53125,144
235.0859375,142
235.6484375,144
236.203125,142
236.74609375,139
237.29296875,140
237.86328125,146
238.41015625,140
242.234375,152
242.87109375,163
243.53515625,170
244.19921875,170
244.8515625,167
245.48046875,161
246.1015625,159
246.71875,158
247.31640625,153
247.90234375,150
248.49609375,152
249.09375,153
249.69140625,153
250.2734375,149
250.8515625,148
251.421875,146
251.98828125,145
252.5625,147
253.12890625,145
253.6953125,145
254.26953125,147
254.84765625,148
255.42578125,148
255.98828125,144
256.55078125,144
257.12109375,146
257.6875,145
258.24609375,143
258.80078125,142
259.35546875,142
259.90234375,140
270.05859375,130
270.57421875,132
271.08203125,130
271.59765625,132
272.10546875,130
272.609375,129
273.12109375,131
273.640625,133
274.15625,132
274.66796875,131
275.1875,133
275.70703125,133
276.25,139
276.77734375,135
277.31640625,138
277.84375,135
278.38671875,139
278.91796875,136
279.453125,137
279.97265625,133
280.4765625,129
280.9921875,132
281.5078125,132
282.02734375,133
282.5546875,135
283.078125,134
283.61328125,137
284.15625,139
284.703125,140
285.24609375,139
285.79296875,140
286.33984375,140
286.88671875,140
287.421875,137
287.9453125,134
288.46484375,133
288.98828125,134
289.5078125,133
290.0234375,132
290.5390625,132
291.05859375,133
291.58203125,134
292.1171875,137
292.65234375,137
293.17578125,134
293.703125,135
294.23046875,135
294.765625,137
295.28125,132
295.79296875,131
296.30859375,132
296.82421875,132
297.33203125,130
297.8515625,133
298.35546875,129
298.8515625,127
299.359375,130
299.875,132
300.39453125,133
300.88671875,126
301.3984375,131
301.91015625,131
302.4375,135
302.9609375,134
303.48828125,135
304.015625,135
304.53515625,133
305.05078125,132
305.58984375,138
306.10546875,132
306.64453125,138
307.20703125,144
307.734375,135
308.27734375,139
308.81640625,138
309.35546875,138
309.90625,141
310.45703125,141
311.015625,143
311.57421875,143
312.13671875,144
312.70703125,146
313.265625,143
313.8203125,142
314.36328125,139
314.8984375,137
315.42578125,135
315.94921875,134
316.484375,137
317.02734375,139
317.57421875,140
318.12109375,140
318.65234375,136
319.18359375,136
319.71484375,136
320.24609375,136
320.77734375,136
321.30078125,134
321.828125,135
322.3515625,134
322.8828125,136
323.45703125,147
324.08203125,160
324.69140625,156
325.29296875,154
325.91796875,160
326.5546875,163
327.1953125,164
327.81640625,159
328.40234375,150
328.98828125,150
329.5703125,149
330.15234375,149
330.7265625,147
331.28515625,143
331.8359375,141
332.3828125,140
332.93359375,141
333.4921875,143
334.05859375,145
334.625,145
335.18359375,143
335.76171875,148
336.36328125,154
336.9765625,157
337.5859375,156
338.16796875,149
338.75390625,150
339.33203125,148
339.91015625,148
340.4921875,149
341.07421875,149
341.65625,149
342.2421875,150
342.828125,150
343.41015625,149
343.984375,147
344.5546875,146
345.125,146
345.69140625,145
346.234375,139
346.77734375,139
347.31640625,138
347.875,143
348.40234375,135
348.9375,137
349.48046875,139
350.0625,149
350.61328125,141
351.1796875,145
351.7421875,144
352.31640625,147
352.90234375,150
353.48828125,150
354.0703125,149
354.66015625,151
355.24609375,150
355.8359375,151
356.43359375,153
357.0234375,151
357.59765625,147
358.171875,147
358.74609375,147
359.32421875,148
359.8984375,147
360.46484375,145
364.00390625,152
364.59375,151
365.1796875,150
365.75390625,147
366.33203125,148
366.9140625,149
367.515625,154
368.09375,148
368.671875,148
369.28515625,157
369.9453125,169
502.328125,138
502.8828125,142
503.4375,142
504.0,144
504.55859375,143
505.109375,141
505.66015625,141
506.1875,135
506.734375,140
507.2734375,138
507.8125,138
508.34375,136
508.8828125,138
509.421875,138
509.9609375,138
510.49609375,137
511.03515625,138
511.5703125,137
512.09375,134
512.62109375,135
513.14453125,134
513.671875,135
514.19140625,133
514.7265625,137
515.25,134
515.7734375,134
516.29296875,133
516.8203125,135
517.36328125,139
517.91796875,142
518.4765625,143
519.02734375,141
519.5859375,143
520.16015625,147
520.703125,139
521.2578125,142
521.81640625,143
522.3828125,145
522.9375,142
523.4765625,138
524.0234375,140
524.58203125,143
525.15625,147
525.734375,148
526.3125,148
526.8671875,142
527.4453125,148
538.56640625,154
539.16015625,152
539.73828125,148
540.3046875,145
540.890625,150
541.4921875,154
542.1015625,156
542.70703125,155
543.30078125,152
543.890625,151
544.4765625,150
545.0703125,152
545.65625,150
546.23046875,147
546.80859375,148
547.40234375,152
548.0,153
548.62109375,159
549.22265625,154
549.8203125,153
550.41015625,151
551.015625,155
551.5859375,146
552.15625,146
552.734375,148
553.29296875,143
553.87109375,148
554.46875,153
555.07421875,155
555.6875,157
556.32421875,163
556.98046875,168
557.6328125,167
558.27734375,165
558.91796875,164
559.55859375,164
560.1796875,159
560.78515625,155
561.36328125,148
561.9375,147
562.51171875,147
563.09765625,150
563.69921875,154
564.33203125,162
564.96875,163
565.609375,164
566.28125,172
566.9765625,178
567.6796875,180
568.3828125,180
569.0625,174
569.703125,164
570.30859375,155
570.9140625,155
571.515625,154
572.12890625,157
572.7421875,157
573.34765625,155
573.93359375,150
574.5390625,155
575.15625,158
575.79296875,163
576.44140625,166
577.078125,163
577.69921875,159
578.31640625,158
578.9453125,161
579.578125,162
580.19921875,159
580.81640625,158
581.40625,151
581.98046875,147
582.5546875,147
583.125,146
583.69921875,147
584.2890625,151
584.85546875,145
585.4296875,147
586.03125,154
586.63671875,155
587.2265625,151
587.796875,146
588.3671875,146
588.9375,146
589.51171875,147
590.078125,145
590.66015625,149
591.24609375,150
591.8359375,151
592.4375,154
593.01171875,147
593.5703125,143
594.15234375,149
594.71484375,144
595.2578125,139
595.80859375,141
596.375,145
596.94921875,147
597.5390625,151
598.12890625,151
598.73828125,156
599.3671875,161
600.0078125,164
600.6484375,164
601.26953125,159
601.859375,151
602.453125,152
603.03515625,149
603.6171875,149
604.19140625,147
604.7578125,145
605.328125,146
605.90234375,147
606.49609375,152
607.1171875,159
607.74609375,161
608.3515625,155
608.97265625,159
609.61328125,164
610.25,163
610.890625,164
611.515625,160
612.140625,160
612.74609375,155
613.34765625,154
613.9453125,153
614.5390625,152
615.12109375,149
615.68359375,144
616.23828125,142
616.80078125,144
617.3671875,145
617.94140625,147
618.5234375,149
619.11328125,151
619.73046875,158
620.359375,161
620.984375,160
621.59375,156
622.1953125,154
622.78515625,151
623.36328125,148
623.94140625,148
624.515625,147
625.09375,148
625.66796875,147
626.2421875,147
626.81640625,147
627.3828125,145
627.94921875,145
628.52734375,148
629.12109375,152
629.734375,157
630.33203125,153
630.91796875,150
631.49609375,148
632.08203125,150
632.66796875,150
633.2578125,151
633.83984375,149
634.4140625,147
634.9765625,144
635.53515625,143
636.09765625,144
636.66015625,144
637.22265625,144
637.77734375,142
638.32421875,140
638.87109375,140
639.4296875,143
946.3671875,134
946.87890625,131
947.42578125,140
947.9609375,137
948.46484375,129
948.99609375,136
949.5,129
950.0234375,134
950.54296875,133
951.08984375,140
951.640625,141
952.1875,140
952.734375,140
953.2578125,134
953.8125,142
1140.1171875,141
1140.6328125,132
1141.18359375,141
1141.73828125,142
1142.296875,143
1142.84765625,141
1143.41015625,144
1143.9609375,141
1144.5,138
1145.015625,132
1145.55078125,137
1146.11328125,144
1146.6484375,137
1147.234375,150
1147.80859375,147
1252.43359375,131
1252.9375,129
1253.46875,136
1253.984375,132
1254.5390625,142
1255.078125,138
1255.63671875,143
1256.19921875,144
1256.734375,137
1257.3046875,146
1257.8515625,140
1258.40625,142
1258.97265625,145
1259.53515625,144
1260.08984375,142
1260.64453125,142
1261.19921875,142
1261.77734375,148
1272.1640625,145
1272.70703125,139
1273.26171875,142
1273.8125,141
1274.36328125,141
1274.90625,139
1275.44921875,139
1276.00390625,142
1276.57421875,146
1277.10546875,136
1277.66796875,144
1278.1953125,135
1278.74609375,141
1279.296875,141
1279.84375,140
1280.3984375,142
1280.9765625,148
1281.53125,142
1308.23046875,136
1308.75390625,134
1309.2734375,133
1309.80078125,135
1310.33203125,136
1310.875,139
1311.4140625,138
1311.9609375,140
1312.51953125,143
1313.078125,143
1313.625,140
1314.171875,140
1314.7421875,146
1315.27734375,137
1315.8046875,135
1316.34375,138
1316.88671875,139
1317.40625,133
1317.9296875,134
1318.453125,134
1318.98046875,135
1319.5234375,139
1320.05859375,137
1320.625,145
1321.21484375,151
1321.7890625,147
1322.33984375,141
1322.890625,141
1323.44140625,141
1324.0,143
1324.55078125,141
1325.1015625,141
1325.64453125,139
1326.1796875,137
1326.70703125,135
1327.23046875,134
1327.75390625,134
1328.296875,139
1328.8203125,134
1329.3515625,136
1329.90625,142
1330.5,152
1331.15625,168
1331.78125,160
1332.41796875,163
1332.98828125,146
1333.55859375,146
1334.140625,149
1334.68359375,139
1335.23828125,142
1335.80078125,144
1336.36328125,144
1336.9296875,145
1337.4609375,136
1338.015625,142
1338.57421875,143
1339.125,141
1339.6796875,142
1340.2265625,140
1340.77734375,141
1341.32421875,140
1341.86328125,138
1342.3984375,137
1342.94140625,139
1343.484375,139
1344.0078125,134
1344.53125,134
1345.046875,132
1345.5703125,134
1346.1015625,136
1346.640625,138
1347.18359375,139
1347.73046875,140
1348.296875,145
1348.84765625,141
1349.39453125,140
1349.94921875,142
1350.51171875,144
1351.07421875,144
1351.63671875,144
1352.1953125,143
1352.7734375,148
1353.3359375,144
1353.90234375,145
1354.46484375,144
1355.0,137
1355.546875,140
1356.0859375,138
1356.625,138
1357.16015625,137
1357.703125,139
1358.24609375,139
1358.78125,137
1359.33984375,143
1359.9296875,151
1360.55859375,161
1361.18359375,160
1361.796875,157
1362.4140625,158
1363.015625,154
1363.62109375,155
1364.23046875,156
1364.83984375,156
1365.44140625,154
1366.02734375,150
1366.6015625,147
1367.171875,146
1367.73828125,145
1368.2890625,141
1368.83984375,141
1369.39453125,142
1369.9609375,145
1370.53515625,147
1371.11328125,148
1371.71484375,154
1372.33203125,158
1372.96875,163
1373.6015625,162
1374.22265625,159
1374.859375,163
1375.5078125,166
1376.140625,162
1376.765625,160
1377.390625,160
1377.99609375,155
1378.59765625,154
1379.1796875,149
1379.73828125,143
1380.29296875,142
1380.84375,141
1381.390625,140
1381.9453125,142
1382.546875,154
1383.16796875,159
1383.80859375,164
1384.45703125,166
1385.1171875,169
1385.71875,154
1386.31640625,153
1386.90234375,150
1387.50390625,154
1388.0703125,145
1388.6484375,148
1389.23828125,151
1389.8046875,145
1390.37890625,147
1390.97265625,152
1391.5390625,145
1392.11328125,147
1392.69140625,148
1393.265625,147
1393.8359375,146
1422.37109375,133
1422.8984375,135
1423.421875,134
1423.953125,136
1424.48046875,135
1425.00390625,134
1425.54296875,138
1426.0546875,131
1426.578125,134
1427.1328125,142
1427.65625,134
1428.16796875,131
1428.69921875,136
1429.2265625,135
1429.7578125,136
1430.2890625,136
1430.81640625,135
1431.34375,135
1431.8671875,134
1432.40234375,137
1432.90234375,128
1433.43359375,136
1433.9453125,131
1434.46484375,133
1434.99609375,136
1435.50390625,130
1436.0390625,137
1436.58203125,139
1437.12109375,138
1437.65625,137
1448.453125,145
1449.0234375,146
1449.5703125,140
1450.1015625,136
1450.65625,142
1451.203125,140
1451.7421875,138
1452.28125,138
1452.8203125,138
1453.36328125,139
1453.8984375,137
1454.4296875,136
1454.96484375,137
1455.5,137
1456.05078125,141
1456.57421875,134
1457.11328125,138
1457.66796875,142
1458.23046875,144
1458.77734375,140
1459.3046875,135
1459.859375,142
1460.41796875,143
1460.96484375,140
1461.50390625,138
1462.05859375,142
1462.5859375,135
1463.1171875,136
1463.64453125,135
1464.1796875,137
1464.69140625,131
1465.21875,135
1465.734375,132
1466.25390625,133
1466.7734375,133
1467.3046875,136
1467.84375,138
1468.37109375,135
1468.89453125,134
1469.421875,135
1469.9765625,142
1470.5,134
1471.03125,136
1471.55859375,135
1472.078125,133
1472.61328125,137
1473.12109375,130
1473.640625,133
1474.15625,132
1474.671875,132
1475.1875,132
1475.7109375,134
1476.23828125,135
1476.73828125,128
1477.25390625,132
1477.7890625,137
1478.328125,138
1478.83984375,131
1479.37890625,138
1479.921875,139
1480.4765625,142
1481.01953125,139
1481.5625,139
1482.11328125,141
1482.68359375,146
1483.23046875,140
1483.79296875,144
1494.234375,135
1494.7734375,138
1495.2890625,132
1495.8359375,140
1496.38671875,141
1496.95703125,146
1497.5,139
1498.0625,144
1498.62109375,143
1499.16796875,140
1499.72265625,142
1500.26953125,140
1500.80078125,136
1501.34375,139
1501.890625,140
1502.40234375,131
1502.9296875,135
1503.4296875,128
1503.9296875,128
1504.44140625,131
1504.9453125,129
1505.45703125,131
1505.9609375,129
1506.4609375,128
1506.96875,130
1507.48046875,131
1507.984375,129
1508.48828125,129
1508.9921875,129
1509.50390625,131
1510.03515625,136
1510.52734375,126
1511.03515625,130
1511.55078125,132
1512.06640625,132
1512.57421875,130
1513.078125,129
1513.59765625,133
1514.10546875,130
1514.62109375,132
1515.109375,125
1515.61328125,129
1516.109375,127
1516.609375,128
1517.09765625,125
1517.60546875,130
1518.08203125,122
1518.5859375,129
1519.07421875,125
1519.546875,121
1520.0390625,126
1520.53125,126
1521.0234375,126
1521.53125,130
1522.00390625,121
1522.4921875,125
1522.9921875,128
1523.50390625,131
1523.984375,123
1524.47265625,125
1524.98046875,130
1525.4609375,123
1525.953125,126
1526.4375,124
1526.9375,128
1527.42578125,125
1527.90234375,122
1528.38671875,124
1528.875,125
1529.359375,124
1529.85546875,127
1612.3046875,104
1612.703125,102
1613.109375,104
1613.52734375,107
1613.9375,105
1614.34765625,105
1614.765625,107
1615.17578125,105
1615.58203125,104
1616.0078125,109
1616.42578125,107
1616.84765625,108
1617.265625,107
1617.6875,108
1618.109375,108
1618.53125,108
1618.953125,108
1619.37890625,109
1619.796875,107
1620.21484375,107
1620.64453125,110
1621.0625,107
1621.48046875,107
1621.90234375,108
1622.3203125,107
1622.7421875,108
1623.16796875,109
1623.5859375,107
1624.0234375,112
1624.453125,110
1624.8828125,110
1625.30859375,109
1625.74609375,112
1636.12890625,115
1636.578125,115
1637.02734375,115
1637.48046875,116
1637.94921875,120
1638.3984375,115
1638.85546875,117
1639.3125,117
1639.78125,120
1640.26171875,123
1640.71484375,116
1641.1796875,119
1641.66015625,123
1642.1328125,121
1642.6015625,120
1643.05859375,117
1643.546875,125
1644.01171875,119
1644.484375,121
1644.95703125,121
1645.44921875,126
1645.91796875,120
1646.390625,121
1646.8828125,126
1647.34375,118
1647.828125,124
1648.3046875,122
1648.78515625,123
1649.2734375,125
1649.76953125,127
1650.26171875,126
1650.75,125
1651.2421875,126
1651.73046875,125
1652.21875,125
1652.69921875,123
1653.19140625,126
1653.6953125,129
1654.171875,122
1654.66015625,125
1655.1640625,129
1655.65234375,125
1656.16796875,132
1656.68359375,132
1657.1953125,131
1657.7109375,132
1658.23828125,135
1658.7421875,129
1659.25390625,131
1659.765625,131
1660.27734375,131
1660.78515625,130
1661.30859375,134
1661.8125,129
1662.30078125,125
1662.80859375,130
1663.3125,129
1663.83203125,133
1664.35546875,134
1664.87890625,134
1665.390625,131
1665.90234375,131
1666.42578125,134
1666.953125,135
1667.47265625,133
1667.9921875,133
1668.51953125,135
1669.03125,131
1669.55859375,135
1670.08984375,136
1670.60546875,132
1671.12890625,134
1671.65625,135
1672.171875,132
1672.69140625,133
1673.20703125,132
1673.71484375,130
1674.21875,129
1674.73046875,131
1675.23828125,130
1675.76171875,134
1676.30078125,138
1676.8359375,137
1677.3515625,132
1677.859375,130
1678.375,132
1678.88671875,131
1679.40625,133
1679.8984375,126
1680.40234375,129
1680.8984375,127
1681.3984375,128
1681.875,122
1682.37109375,127
1682.875,129
1683.3671875,126
1683.8828125,132
1684.4140625,136
1684.9453125,136
1685.48046875,137
1686.01953125,138
1686.55859375,138
1687.09765625,138
1687.6328125,137
1688.16015625,135
1688.6796875,133
1689.21484375,137
1689.74609375,136
1690.28125,137
1690.81640625,137
1691.34375,135
1691.8671875,134
1692.3828125,132
1692.90234375,133
1693.453125,141
1694.01171875,143
1694.66015625,166
1695.30078125,164
1695.9375,163
1696.54296875,155
1697.140625,153
1697.71875,148
1698.28515625,145
1698.84765625,144
1699.43359375,150
1700.0390625,155
1700.60546875,145
1701.19921875,152
1701.7578125,143
1702.3203125,144
1702.8671875,140
1703.41015625,139
1703.9453125,137
1704.48828125,139
1705.01953125,136
1705.55859375,138
1706.09765625,138
1706.65625,143
1707.21875,144
1707.7890625,146
1708.3515625,144
1708.921875,146
1709.5078125,150
1710.08203125,147
1710.64453125,144
1711.1953125,141
1711.75,142
1712.296875,140
1712.8515625,142
1713.40625,142
1713.96875,144
1714.52734375,143
1715.0859375,143
1715.62890625,139
1716.1640625,137
1716.69921875,137
1717.234375,137
1717.7734375,138
1718.32421875,141
1718.8984375,147
1719.4375,138
1720.0,144
1720.55859375,143
1721.10546875,140
1721.66015625,142
1722.2421875,149
1722.79296875,141
1723.35546875,144
1723.91015625,142
1724.4609375,141
1725.015625,142
1725.55859375,139
1726.10546875,140
1726.65234375,140
1727.19921875,140
1727.75390625,142
1728.2890625,137
1728.84765625,143
1729.38671875,138
1729.9375,141
1730.46484375,135
1731.0,137
1731.52734375,135
1732.0625,137
1732.6015625,138
1733.14453125,139
1733.68359375,138
1734.21875,137
1734.7578125,138
1735.296875,138
1735.83203125,137
1736.38671875,142
1736.9296875,139
1737.48046875,141
1738.02734375,140
1738.58203125,142
1739.1328125,141
1739.6796875,140
1740.21875,138
1740.75390625,137
1741.2890625,137
1741.828125,138
1742.37890625,141
1742.921875,139
1743.46875,140
1744.01953125,141
1744.578125,143
1745.13671875,143
1745.6953125,143
1746.27734375,149
1746.84375,145
1747.3984375,142
1747.94921875,141
1748.50390625,142
1749.05859375,142
1749.61328125,142
1750.16796875,142
1750.7109375,139
1751.24609375,137
1751.77734375,136
1752.30859375,136
1752.8359375,135
1753.3671875,136
1753.90234375,137
1754.4453125,139
1754.9609375,132
1755.50390625,139
1756.07421875,146
1756.625,141
1757.1953125,146
1757.79296875,153
1758.37109375,148
1758.94140625,146
1759.515625,147
1760.08984375,147
1760.6484375,143
1761.19140625,139
1761.73828125,140
1762.2890625,141
1762.83984375,141
1763.38671875,140
1763.94140625,142
1764.484375,139
1765.0234375,138
1765.55859375,137
1766.10546875,140
1766.63671875,136
1767.171875,137
1767.703125,136
1768.24609375,139
1768.7890625,139
1769.33203125,139
1769.87109375,138
1770.4296875,143
1770.98046875,141
1771.53125,141
1772.09375,144
1772.64453125,141
1773.19921875,142
1773.734375,137
1774.28125,140
1774.828125,140
1775.390625,144
1775.9140625,134
1776.453125,138
1776.99609375,139
1777.53125,137
1778.0703125,138
1778.609375,138
1779.15625,140
1779.70703125,141
1780.23828125,136
1780.8046875,145
1781.35546875,141
1781.90625,141
1782.4609375,142
1783.03125,146
1783.58203125,141
1784.140625,143
1784.6953125,142
1785.2578125,144
1785.79296875,137
1786.33203125,138
1786.8671875,137
1787.4296875,144
1787.9609375,136
1788.5078125,140
1789.0703125,144
1789.64453125,147
1790.2265625,149
1790.8046875,148
1791.3984375,152
1791.984375,150
1792.546875,144
1793.11328125,145
1793.67578125,144
1794.23046875,142
1794.78125,141
1795.328125,140
1795.875,140
1796.421875,140
1796.9765625,142
1797.50390625,135
1798.0546875,141
1798.625,146
1799.171875,140
1799.73828125,145
1800.3359375,153
1800.92578125,151
1801.49609375,146
1802.0625,145
1802.64453125,149
1803.2109375,145
1803.76953125,143
1804.32421875,142
1804.88671875,144
1805.44140625,142
1806.0,143
1806.546875,140
1807.09375,140
1807.6328125,138
1808.17578125,139
1808.70703125,136
1809.234375,135
1809.7734375,138
1810.30859375,137
1810.8515625,139
1811.38671875,137
1811.92578125,138
1812.46875,139
1813.015625,140
1813.55859375,139
1814.1015625,139
1814.64453125,139
1815.1875,139
1815.7265625,138
1816.26171875,137
1816.79296875,136
1817.32421875,136
1817.84765625,134
1818.3828125,137
1818.89453125,131
1819.4140625,133
1819.93359375,133
1820.453125,133
1820.9765625,134
1821.5,134
1822.015625,132
1822.53515625,133
1823.0546875,133
1823.578125,134
1824.09765625,133
1824.6171875,133
1825.1328125,132
1825.66015625,135
1826.171875,131
1826.671875,128
1827.17578125,129
1827.6875,131
1828.19140625,129
1828.69921875,130
1829.19921875,128
1829.703125,129
1830.21484375,131
1830.7265625,131
1831.24609375,133
1831.75390625,130
1832.26171875,130
1832.78125,133
1833.3046875,134
1833.828125,134
1834.34375,132
1834.8671875,134
1835.39453125,135
1835.93359375,138
1836.47265625,138
1837.0,135
1837.55859375,143
1838.08203125,134
1838.6171875,137
1839.1484375,136
1839.68359375,137
1840.19921875,132
1840.73828125,138
1841.2578125,133
1841.78125,134
1842.28515625,129
1842.8203125,137
1843.3515625,136
1843.890625,138
1844.4140625,134
1844.9453125,136
1845.4921875,140
1846.05078125,143
1846.61328125,144
1847.1953125,149
1847.74609375,141
1848.29296875,140
1848.84765625,142
1849.390625,139
1849.94921875,143
1850.5,141
1851.05859375,143
1851.61328125,142
1852.16796875,142
1852.71484375,140
1853.26171875,140
1853.796875,137
1854.3359375,138
1854.87109375,137
1855.421875,141
1855.98046875,143
1856.5546875,147
1857.13671875,149
1857.71875,149
1858.3046875,150
1858.87890625,147
1859.43359375,142
1859.98046875,140
1860.53515625,142
1861.08203125,140
1861.625,139
1862.16796875,139
1862.71484375,140
1863.25,137
1863.7890625,138
1864.3359375,140
1864.875,138
1865.421875,140
1865.97265625,141
1866.53515625,144
1867.1015625,145
1867.66015625,143
1868.2265625,145
1868.80078125,147
1869.3828125,149
1869.96484375,149
1870.53515625,146
1871.09375,143
1871.65234375,143
1872.203125,141
1872.74609375,139
1873.27734375,136
1873.8046875,135
1874.33203125,135
1874.86328125,136
1875.4140625,141
1875.96875,142
1876.5234375,142
1877.0859375,144
1877.671875,150
1878.24609375,147
1878.8046875,143
1879.390625,150
1879.9609375,146
1880.53515625,147
1881.109375,147
1881.67578125,145
1882.25390625,148
1882.828125,147
1883.39453125,145
1883.953125,143
1884.515625,144
1885.078125,144
1885.640625,144
1886.203125,144
1886.78125,148
1887.34765625,145
1887.91796875,146
1888.5078125,151
1889.08984375,149
1889.65625,145
1890.23046875,147
1890.8203125,151
1891.40625,150
1891.98828125,149
1892.5703125,149
1893.15234375,149
1893.7421875,151
1894.3125,146
1894.890625,148
1895.46484375,147
1896.0390625,147
1896.609375,146
1897.1796875,146
1897.76171875,149
1898.34765625,150
1898.9296875,149
1899.5078125,148
1900.09765625,151
1900.6953125,153
1901.28125,150
1901.86328125,149
1902.45703125,152
1903.03515625,148
1903.609375,147
1904.18359375,147
1904.765625,149
1905.33203125,145
1905.890625,143
1906.4453125,142
1907.01953125,147
1907.5625,139
1908.11328125,141
1908.66015625,140
1909.2421875,149
1909.83984375,153
1910.44140625,154
1911.0859375,165
1911.7265625,164
1912.3828125,168
1913.015625,162
1913.671875,168
1914.33984375,171
1915.01171875,172
1915.65234375,164
1916.265625,157
1916.84765625,149
1917.41015625,144
1917.953125,139
1918.5,140
1919.03125,136
1919.56640625,137
1920.07421875,130
1920.5859375,131
1921.09375,130
1921.6015625,130
1922.109375,130
1922.61328125,129
1923.11328125,128
1923.609375,127
1924.109375,128
1924.61328125,129
1925.1328125,133
1925.65234375,133
1926.18359375,136
1926.69921875,132
1927.23828125,138
1927.765625,135
1928.3046875,138
1928.828125,134
1929.37109375,139
1929.8828125,131
1930.41015625,135
1930.94140625,136
1931.47265625,136
1931.99609375,134
1932.515625,133
1933.046875,136
1933.55078125,129
1934.07421875,134
1934.58984375,132
1935.1015625,131
1935.62109375,133
1936.13671875,132
1936.66015625,134
1937.1796875,133
1937.6953125,132
1938.21875,134
1938.75,136
1939.2734375,134
1939.796875,134
1940.328125,136
1940.859375,136
1941.37890625,133
1941.8984375,133
1942.42578125,135
1942.94921875,134
1943.46875,133
1943.98828125,133
1944.51171875,134
1945.0390625,135
1945.5625,134
1946.0859375,134
1946.609375,134
1947.1328125,134
1947.66015625,135
1948.1796875,133
1948.703125,134
1949.25,140
1949.765625,132
1950.29296875,135
1950.80859375,132
1951.33203125,134
1951.85546875,134
1952.37890625,134
1952.8984375,133
1953.4140625,132
1953.9296875,132
1954.44921875,133
1954.96484375,132
1955.48046875,132
1955.9921875,131
1956.5078125,132
1957.0234375,132
1957.5546875,136
1958.0625,130
1958.578125,132
1959.1015625,134
1959.64453125,139
1960.15625,131
1960.6875,136
1961.20703125,133
1961.7421875,137
1962.28125,138
1962.796875,132
1963.3203125,134
1963.8515625,136
1964.37109375,133
1964.88671875,132
1965.40234375,132
1965.91796875,132
1966.43359375,132
1966.9453125,131
1967.45703125,131
1967.9765625,133
1968.4921875,132
1969.00390625,131
1969.51953125,132
1970.03125,131
1970.546875,132
1971.05859375,131
1971.578125,133
1972.09765625,133
1972.60546875,130
1973.11328125,130
1973.62109375,130
1974.1484375,135
1974.64453125,127
1975.15234375,130
1975.65625,129
1976.16796875,131
1976.6796875,131
1977.1875,130
1977.703125,132
1978.21875,132
1978.73828125,133
1979.26171875,134
1979.78515625,134
1980.3046875,133
1980.828125,134
1981.359375,136
1981.890625,136
1982.421875,136
1982.953125,136
1983.4765625,134
1984.00390625,135
1984.52734375,134
1985.06640625,138
1985.5703125,129
1986.0859375,132
1986.60546875,133
1987.125,133
1987.640625,132
1988.15625,132
1988.6796875,134
1989.21875,138
1989.7421875,134
1990.2734375,136
1990.80078125,135
1991.34375,139
1991.87109375,135
1992.3984375,135
1992.92578125,135
1993.44921875,134
1993.9765625,135
1994.50390625,135
1995.03125,135
1995.5390625,130
1996.05859375,133
1996.5859375,135
1997.1171875,136
1997.6484375,136
1998.19140625,139
1998.734375,139
1999.27734375,139
1999.81640625,138
2000.3515625,137
2000.89453125,139
2001.41796875,134
2001.94921875,136
2002.48046875,136
2003.02734375,140
2003.54296875,132
2004.0703125,135
2004.60546875,137
2005.13671875,136
2005.66796875,136
2006.21875,141
2006.75390625,137
2007.29296875,138
2007.828125,137
2008.375,140
2008.91796875,139
2009.453125,137
2009.98046875,135
2010.51953125,138
2011.0546875,137
2011.58203125,135
2012.12890625,140
2012.65625,135
2013.2109375,142
2013.73828125,135
2014.2890625,141
2014.84375,142
2015.40625,144
2015.96484375,143
2016.52734375,144
2017.08984375,144
2017.65625,145
2018.20703125,141
2018.76171875,142
2019.3203125,143
2019.890625,146
2020.4609375,146
2021.00390625,139
2021.56640625,144
2022.1328125,145
2022.6875,142
2023.2578125,146
2023.8125,142
2024.36328125,141
2024.91796875,142
2025.46875,141
2026.01953125,141
2026.58203125,144
2027.12890625,140
2027.6875,143
2028.24609375,143
2028.796875,141
2029.34765625,141
2029.91015625,144
2030.484375,147
2031.0390625,142
2031.5859375,140
2032.15625,146
2032.69921875,139
2033.25,141
2033.80078125,141
2034.35546875,142
2034.91796875,144
2035.46484375,140
2036.0078125,139
2036.55078125,139
2037.1015625,141
2037.63671875,137
2038.1796875,139
2038.71875,138
2039.28125,144
2039.828125,140
2040.38671875,143
2040.96484375,148
2041.5546875,151
2042.125,146
2042.6953125,146
2043.26953125,147
2043.84375,147
2044.40625,144
2044.9609375,142
2045.53125,146
2046.06640625,137
2046.609375,139
2047.14453125,137
2047.67578125,136
2048.203125,135
2048.734375,136
2049.26953125,137
2049.80859375,138
2050.33984375,136
2050.86328125,134
2051.39453125,136
2051.9375,139
2052.49609375,143
2053.03515625,138
2053.58203125,140
2054.14453125,144
2054.671875,135
2055.2109375,138
2055.75390625,139
2056.29296875,138
2056.8359375,139
2057.375,138
2057.9140625,138
2058.44921875,137
2058.98046875,136
2059.5,133
2060.0078125,130
2060.5234375,132
2061.05078125,135
2061.62109375,146
2062.20703125,150
2062.8046875,153
2063.4609375,168
2064.1328125,172
2064.78125,166
2065.40625,160
2066.01171875,155
2066.60546875,152
2067.15234375,140
2067.7421875,151
2068.32421875,149
2068.9140625,151
2069.484375,146
2070.05078125,145
2070.61328125,144
2071.171875,143
2071.734375,144
2072.28125,140
2072.8359375,142
2073.38671875,141
2073.9140625,135
2074.4453125,136
2074.98046875,137
2075.515625,137
2076.05859375,139
2076.609375,141
2077.14453125,137
2077.68359375,138
2078.23046875,140
2078.7734375,139
2079.3125,138
2079.84765625,137
2080.37109375,134
2080.890625,133
2081.41796875,135
2081.921875,129
2082.43359375,131
2082.9453125,131
2083.453125,130
2083.95703125,129
2084.47265625,132
2084.98046875,130
2085.48828125,130
2086.01171875,134
2086.5390625,135
2087.0625,134
2087.59765625,137
2088.10546875,130
2088.625,133
2089.140625,132
2089.66015625,133
2090.1796875,133
2090.69140625,131
2091.203125,131
2091.72265625,133
2092.22265625,128
2092.73046875,130
2093.24609375,132
2093.765625,133
2094.28515625,133
2094.80078125,132
2095.3203125,133
2095.8515625,136
2096.3828125,136
2096.90625,134
2097.43359375,135
2097.953125,133
2098.4921875,138
2098.9921875,128
2099.51171875,133
2100.03125,133
2100.53515625,129
2101.04296875,130
2101.55859375,132
2102.0859375,135
2102.59375,130
2103.109375,132
2103.6328125,134
2104.140625,130
2104.65625,132
2105.17578125,133
2105.70703125,136
2106.2578125,141
2106.79296875,137
2107.33203125,138
2107.8828125,141
2108.42578125,139
2108.97265625,140
2109.52734375,142
2110.06640625,138
2110.60546875,138
2111.15234375,140
2111.69921875,140
2112.23828125,138
2112.76953125,136
2113.3125,139
2113.84765625,137
2114.37890625,136
2114.90625,135
2115.4375,136
2115.96875,136
2116.5078125,138
2117.05859375,141
2117.61328125,142
2118.171875,143
2118.73046875,143
2119.28125,141
2119.8359375,142
2120.38671875,141
2120.9375,141
2121.48828125,141
2122.0390625,141
2122.5859375,140
2123.13671875,141
2123.6796875,139
2124.23046875,141
2124.78515625,142
2125.33984375,142
2125.89453125,142
2126.453125,143
2127.0,140
2127.55078125,141
2128.10546875,142
2128.65625,141
2129.20703125,141
2129.75,139
2130.29296875,139
2130.8359375,139
2131.38671875,141
2131.9140625,135
2132.4609375,140
2133.0078125,140
2133.55078125,139
2144.4375,187
2145.12890625,177
2145.78515625,168
2146.41015625,160
2147.0234375,157
2147.61328125,151
2148.1875,147
2148.7734375,150
2149.3515625,148
2149.92578125,147
2150.484375,143
2151.03515625,141
2151.58984375,142
2152.125,137
2152.66015625,137
2153.19921875,138
2153.7421875,139
2154.2890625,140
2154.83984375,141
2155.3671875,135
2155.90625,138
2166.11328125,140
2166.671875,143
2167.21875,140
2167.76171875,139
2168.3046875,139
2168.83203125,135
2169.359375,135
2169.87109375,131
2170.375,129
2170.87890625,129
2171.37890625,128
2171.8671875,125
2172.35546875,125
2172.83984375,124
2173.32421875,124
2173.8046875,123
2174.29296875,125
2174.80078125,130
2175.32421875,134
2175.86328125,138
2176.4375,147
2177.05859375,159
2177.73046875,172
2178.40234375,172
2179.02734375,160
2179.60546875,148
2180.1796875,147
2180.75390625,147
2181.328125,147
2181.89453125,145
2182.45703125,144
2183.01953125,144
2183.56640625,140
2184.10546875,138
2184.64453125,138
2185.1875,139
2185.7421875,142
2186.28515625,139
2186.82421875,138
2187.359375,137
2187.8984375,138
2188.4453125,140
2188.99609375,141
2189.546875,141
2190.09765625,141
2190.65625,143
2191.21875,144
2191.77734375,143
2192.328125,141
2192.875,140
2193.42578125,141
2193.9765625,141
2194.5234375,140
2195.07421875,141
2195.62109375,140
2196.16015625,138
2196.69921875,138
2197.2421875,139
2197.796875,142
2198.35546875,143
2198.9296875,147
2199.4921875,144
2200.05078125,143
2200.6171875,145
2201.19140625,147
2201.765625,147
2202.3359375,146
2202.8984375,144
2203.45703125,143
2204.015625,143
2204.57421875,143
2205.125,141
2205.671875,140
2206.2265625,142
2206.78515625,143
2207.34375,143
2207.90234375,143
2208.4609375,143
2209.03125,146
2209.61328125,149
2210.19140625,148
2210.7578125,145
2211.33203125,147
2211.90625,147
2212.4921875,150
2213.0546875,144
2213.6171875,144
2214.17578125,143
2214.74609375,146
2215.3203125,147
2215.90234375,149
2216.4765625,147
2217.05859375,149
2217.6484375,151
2218.2421875,152
2218.8359375,152
2219.41796875,149
2220.03125,157
2220.6484375,158
2221.2578125,156
2221.85546875,153
2222.46875,157
2223.078125,156
2223.6875,156
2224.28125,152
2224.875,152
2225.453125,148
2226.01953125,145
2226.57421875,142
2227.12109375,140
2227.671875,141
2228.203125,136
2228.74609375,139
2229.31640625,146
2229.921875,155
2230.55859375,163
2231.1875,161
2231.80078125,157
2232.40625,155
2233.0234375,158
2233.63671875,157
2234.2421875,155
2234.828125,150
2235.41796875,151
2236.0078125,151
2236.6015625,152
2237.1953125,152
2237.7734375,148
2238.3515625,148
2238.9296875,148
2239.50390625,147
2240.08203125,148
2240.65234375,146
2241.22265625,146
2241.80078125,148
2242.40234375,154
2243.03515625,162
2243.6953125,169
2244.36328125,171
2245.01171875,166
2245.63671875,160
2246.27734375,164
2246.9375,169
2247.6015625,170
2248.2734375,172
2248.93359375,169
2249.55859375,160
2250.1640625,155
2250.76953125,155
2251.375,155
2251.97265625,153
2252.546875,147
2253.12109375,147
2253.70703125,150
2254.30859375,154
2254.90625,153
2255.49609375,151
2256.08203125,150
2256.69140625,156
2257.30078125,156
2257.9140625,157
2258.52734375,157
2259.12109375,152
2259.70703125,150
2260.3046875,153
2260.8984375,152
2261.484375,150
2262.0546875,146
2262.6328125,148
2263.2109375,148
2263.80859375,153
2264.375,145
2264.953125,148
2265.546875,152
2266.1484375,154
2266.7578125,156
2267.37109375,157
2267.97265625,154
2268.5625,151
2269.15625,152
2269.765625,156
2270.34765625,149
2270.9453125,153
2271.55078125,155
2272.15625,155
2272.76171875,155
2273.35546875,152
2273.94140625,150
2274.53125,151
2275.1328125,154
2275.7421875,156
2276.35546875,157
2276.9609375,155
2277.57421875,157
2278.19140625,158
2278.8046875,157
2279.4140625,156
2280.015625,154
2280.59765625,149
2281.19140625,152
2281.78125,151
2282.36328125,149
2282.94140625,148
2283.515625,147
2284.1015625,150
2284.703125,154
2285.32421875,159
2285.9375,157
2286.546875,156
2287.17578125,161
2287.8046875,161
2288.4140625,156
2289.01171875,153
2289.59375,149
2290.19140625,153
2290.7890625,153
2291.37890625,151
2291.97265625,152
2292.55078125,148
2293.1328125,149
2293.71484375,149
2294.29296875,148
2294.859375,145
2295.41796875,143
2295.99609375,148
2296.5859375,151
2297.19921875,157
2297.828125,161
2298.45703125,161
2299.078125,159
2299.6953125,158
2300.3046875,156
2300.8984375,152
2301.49609375,153
2302.09375,153
2302.6875,152
2303.28125,152
2303.87109375,151
2304.45703125,150
2305.046875,151
2305.63671875,151
2306.234375,153
2306.83203125,153
2307.44140625,156
2308.046875,155
2308.65234375,155
2309.2421875,151
2309.8203125,148
2310.40234375,149
2310.96875,145
2311.53125,144
2312.0859375,142
2312.6484375,144
2313.18359375,137
2313.72265625,138
2314.27734375,142
2314.8125,137
2315.35546875,139
2315.90625,141
2316.4296875,134
2316.96875,138
2317.53125,144
2318.12890625,153
2318.80078125,172
2319.44140625,164
2320.08203125,164
2320.73046875,166
2321.390625,169
2322.0390625,166
2322.66796875,161
2323.2734375,155
2323.87890625,155
2324.48828125,156
2325.0859375,153
2325.6796875,152
2326.25390625,147
2326.8359375,149
2327.4140625,148
2327.99609375,149
2328.57421875,148
2329.1484375,147
2329.75390625,155
2330.375,159
2330.99609375,159
2331.6015625,155
2332.20703125,155
2332.80859375,154
2333.40234375,152
2333.98828125,150
2334.578125,151
2335.17578125,153
2335.7734375,153
2336.375,154
2336.9609375,150
2337.5546875,152
2338.14453125,151
2338.734375,151
2339.3203125,150
2339.89453125,147
2340.453125,143
2341.01953125,145
2341.59375,147
2342.171875,148
2342.7578125,150
2343.34765625,151
2343.9375,151
2344.51953125,149
2345.08203125,144
2345.6484375,145
2346.22265625,147
2346.796875,147
2347.37890625,149
2347.96484375,150
2348.55078125,150
2349.1484375,153
2349.74609375,153
2350.33984375,152
2350.921875,149
2351.5,148
2352.08203125,149
2352.6640625,149
2353.25390625,151
2353.8515625,153
2354.44921875,153
2355.0390625,151
2355.62109375,149
2356.203125,149
2356.79296875,151
2357.38671875,152
2357.9765625,151
2358.5625,150
2359.140625,148
2359.71875,148
2360.2890625,146
2360.859375,146
2361.42578125,145
2361.9921875,145
2362.55859375,145
2363.125,145
2363.68359375,143
2364.24609375,144
2364.80859375,144
2365.390625,149
2365.9921875,154
2366.609375,158
2367.21484375,155
2367.8046875,151
2368.37890625,147
2368.9609375,149
2369.55078125,151
2370.13671875,150
2370.70703125,146
2371.265625,143
2371.8359375,146
2372.40234375,145
2372.9609375,143
2373.51171875,141
2374.05859375,140
2374.61328125,142
2375.16015625,140
2375.7265625,145
2376.30078125,147
2376.875,147
2377.44921875,147
2378.015625,145
2378.58203125,145
2379.1484375,145
2379.71875,146
2380.2890625,146
2380.85546875,145
2381.421875,145
2381.984375,144
2382.546875,144
2383.10546875,143
2383.66015625,142
2384.203125,139
2384.75,140
2385.29296875,139
2385.83203125,138
2386.375,139
2386.92578125,141
2387.50390625,148
2388.09765625,152
2388.6796875,149
2389.2734375,152
2389.84375,146
2390.4375,152
2390.99609375,143
2391.5625,145
2392.12890625,145
2392.703125,147
2393.2734375,146
2393.83984375,145
2394.37890625,138
2394.8984375,133
2395.42578125,135
2395.953125,135
2396.484375,136
2397.01953125,137
2397.55078125,136
